{"cameraMode":{"drawMode":0,"name":"Shaded","section":"Shading Mode"},"sceneLighting":true,"audioPlay":false,"sceneViewState":{"m_AlwaysRefresh":false,"showFog":true,"showSkybox":true,"showFlares":true,"showImageEffects":true,"showParticleSystems":true,"showVisualEffectGraphs":true,"m_FxEnabled":true},"in2DMode":false,"pivot":{"x":-0.47948354482650759,"y":-0.4600287079811096,"z":-0.5252529382705689},"rotation":{"x":-0.04580981284379959,"y":-0.6819340586662293,"z":0.040290240198373798,"w":-0.7288662195205689},"size":1.5951027870178223,"orthographic":false}